{
  "routes": [
    [
      0,
      14,
      6,
      4,
      0
    ],
    [
      0,
      2,
      12,
      0
    ],
    [
      0,
      1,
      0
    ],
    [
      0,
      8,
      3,
      0
    ],
    [
      0,
      7,
      13,
      5,
      0
    ],
    [
      0,
      11,
      15,
      10,
      9,
      0
    ]
  ],
  "total_distance": 269.10560218744865,
  "num_vehicles": 6,
  "algorithm": "Genetic Algorithm",
  "execution_time": 29.052483558654785
}